공고번호,회사명,공고제목,지역,경력,기술스택/분야
53948023,에스피에이치,B2B 프로젝트 개발팀 신입,미지정,신입,G<span>it</span> / Java / React / Spring / AI/인공지능
53930238,코닉글로리,Java/Spring Boot 백엔드 개발자 채용,미지정,4 ~ 10년,Java / MySQL / Spring Boot
53957500,델레오코리아,[플랫폼개발팀] 프론트엔드 개발자,미지정,6 ~ 13년,Next.js / OAuth2 / React / Vue.js / Django REST framework JWT
53917237,빅웨이브로보틱스,프론트엔드 (3년 이상),미지정,3 ~ 5년,Flutter / Next.js / React / TypeScript / AWS
54002171,메가스터디교육,웹서비스(백앤드) 개발자 채용,미지정,3 ~ 7년,Classic ASP / MSSQL / MySQL / PHP / Spring / Spring Boot / SQL
53964613,신보,"전산팀 개발, 전산관리 경력 (6~10년)",미지정,6 ~ 10년,Apache Tomcat / Eclipse / Java / JavaScript / jQuery / Linux / MSSQL / MySQL / Oracle / Spring
53860010,이비즈테크,시스템 사업부 엔지니어 신입,미지정,신입,Linux / Windows / AZURE / vmware
54047274,사람인,[사람인] 정보보안 운영 담당자(경력),미지정,3 ~ 10년,ISMS / Ddos / IPS
53863976,티엔에이치,백엔드 개발자,미지정,3 ~ 5년,Amazon EMR / Cassandra / Docker / G<span>it</span> / JavaScript / Jira / Node.js / PostgreSQL / TypeScript / SQL
53888878,위드네트웍스,NGFW / Network 엔지니어(신입),미지정,신입,AWS / GCP / Network / Ddos / FortiGate NGFW
53891296,필라넷,.NET 풀스택 개발자 채용,미지정,7 ~ 15년,.NET / ASP.NET / C# / Docker / JavaScript / MSSQL / TypeScript / Vue.js / SQL / AZURE
53892033,바로팜,정보보안 담당자,미지정,5 ~ 12년,Python / AWS / DeepLearning / AI/인공지능 / GCP / AZURE / ISMS / CISSP / AWS WAF / Azure DevOps
53863231,(주)티시스 아이티,[인사]서버/웹프론트엔지니어,미지정,5 ~ 15년,Java / Linux
53861866,네오랩컨버전스,백엔드 개발자 (5년 이상),미지정,5 ~ 10년,CSS 3 / Flutter / JavaScript / React / React Native / TypeScript / REST API
53863954,필라넷,백엔드개발자,미지정,5 ~ 10년,Docker / JavaScript / Kubernetes / NestJS / Node.js / React / TypeScript / AWS / GCP / AZURE
53957489,델레오코리아,[플랫폼개발팀] Java 개발자,미지정,5 ~ 8년,Docker / G<span>it</span> / G<span>it</span>Hub / JavaScript / MySQL / React / AWS
54055787,연합인포맥스,<span>IT</span>/AI부문(전문연구요원 포함)신입,미지정,신입,Azure DevOps / Python / AWS / GCP / AZURE
53877435,이스트시큐리티,시스템 엔지니어 경력 채용,미지정,10 ~ 20년,Argo / CentOS / Jenkins / Linux / Ubuntu
53967438,의식주컴퍼니(런드리고),런드리24 백엔드 개발자,미지정,5 ~ 10년,Java / JavaScript / Kafka / React / Spring Boot / Windows / Spring Data JPA / REST API / NoSql / Golang
54026720,인딥에이아이,AI 채용솔루션(ATS) 백엔드 엔지니어,미지정,3 ~ 10년,Docker / G<span>it</span> / MongoDB / NestJS / Node.js / Python / Redis / REST API / AWS / AZURE
53888990,소크라에이아이,[Socra AI] DevOps Engineer (2년 이상),미지정,2 ~ 20년,Amazon EKS / AWS Cloud Development K<span>it</span> / AWS CloudFormation / AWS CloudHSM / Istio / Java / Kubernetes / Python
54062452,베스텔라랩,백엔드·인프라 풀스택 엔지니어,미지정,2 ~ 10년,Angular 2 / G<span>it</span> / React / Spring Boot / Vue.js / REST API / AWS / NoSql / SQL / Network
54059852,제네시스네스트,프론트엔드 개발자 [경력 1~8년],미지정,1 ~ 8년,CSS 3 / HTML5 / JavaScript / React / TypeScript
53901748,골프존,시스템엔지니어 운영 담당자,미지정,3 ~ 10년,PowerShell / Python / Shell
54076483,네비웍스,웹 어플리케이션 개발자,미지정,1 ~ 10년,ES6 / Java / JavaScript / React / TypeScript / MSA
53865373,피닉슨컨트롤스,연구개발본부 SW1팀 경력사원 채용,미지정,1 ~ 7년,C / C# / C++ / MSSQL / MySQL / Orcad / HW / FW / SW / PCB
53897761,싸이버로지텍,<span>IT</span>솔루션 <span>IT</span>O업무(개발),미지정,3 ~ 10년,HTML5 / Java / JavaScript / Oracle / Spring Boot / XML
54059865,제네시스네스트,Flutter 앱 개발자 [경력 1~8년],미지정,1 ~ 8년,Flutter / Java / Kotlin / Objective-C / Swift / Xcode
54059841,제네시스네스트,Java 백엔드 개발자 [경력 3~8년],미지정,3 ~ 8년,Java / Linux / MySQL / Oracle / PostgreSQL / Spring / Spring Framework / REST API / Solid<span>it</span>y / Blockchain
53892629,오투플러스,프론트엔드 개발자,미지정,3 ~ 10년,AngularJS / G<span>it</span> / React / Vue.js / vuex / REST API
53999968,의식주컴퍼니(런드리고),런드리고 백엔드 개발자,미지정,5 ~ 10년,Java / Kafka / React / Redis / Spring Boot / Spring Data JPA / AWS / Mybatis / NoSql / Network
53864118,필라넷,Azure Infra Engineer,미지정,3 ~ 20년,Azure Application Insights / Azure DevOps / Azure Kubernetes Service / Kubernetes / Microsoft SharePoint / Python / Terraform / AZURE / ARM / Azure Mon<span>it</span>or
53892618,오투플러스,Back-end 개발자,미지정,3 ~ 10년,Elasticsearch / Laravel / MySQL / PHP / Rabb<span>it</span>MQ / RDB
54047251,이너버스,통합보안관리 엔지니어(신입),미지정,신입,Docker / Elasticsearch / Kafka / Linux / Python / vmware / SW / Shell
53886962,위드네트웍스,방화벽 보안 엔지니어 모집(신입),미지정,신입,Network / FortiGate NGFW
54014033,(주)티시스 아이티,인프라보안,미지정,4 ~ 10년,Network / IPS / ESET Endpoint Secur<span>it</span>y
53865995,디지털포토,클라우드 엔지니어 (3년~5년),미지정,3 ~ 5년,Apache HTTP Server / CentOS / Linux / NGINX / Oracle / Network
53966450,샐러드랩,이커머스 솔루션 데이터 엔지니어,미지정,3 ~ 8년,Amazon Kinesis / Docker / G<span>it</span> / Kafka / Python / AWS / SQL
54060043,코보시스,Flutter 개발자 (바로더 POS/테이블오더/QR오더),미지정,2 ~ 6년,Dart / Flutter / Socket.IO / REST API / WebSocket / Retrof<span>it</span>
54055811,연합인포맥스,<span>IT</span>/AI부문(전문연구요원포함)경력(1~3),미지정,1 ~ 3년,Azure DevOps / Python / AWS / GCP / AZURE
54013658,엘케이에프파트너스,백엔드 유지보수 및 신규개발 경력,미지정,3 ~ 10년,Flutter / NestJS / PostgreSQL / React Native / Slack / TypeScript / AWS / AI/인공지능 / SQL / Notion
53988403,드림디엔엠,인천 IDC운영 신입 채용,미지정,신입,Network
53862514,웅진,클라우드 솔루션 아키텍트 (AWS) 모집,미지정,5 ~ 20년,AWS
53991378,오픈엣지테크놀로지,[NPU] Firmware Engineer,미지정,2 ~ 15년,C / C++ / Python / PyTorch
54111841,클로봇,<span>IT</span> 인프라 관리,미지정,1 ~ 15년,Linux / Windows / Network / Infra
53905018,베스텔라랩,시스템 운용/유지보수,미지정,3 ~ 15년,Linux / VPN / Router / Ccna / Ccnp
53932587,캐치잇플레이,[AI 학습플랫폼] Product Manager (재택근무 가능),미지정,5 ~ 20년,Figma / AI/인공지능 / SQL
53899360,에치에프알,[경력] 이동통신 시스템 S/W 개발 채용,미지정,3 ~ 15년,C / C++ / Linux / ARM / Embedded Linux
54120740,인젠트,EDM 솔루션 기반 프로젝트 수행 개발,미지정,5 ~ 20년,G<span>it</span>Lab / Java / JavaScript / Jenkins / MSSQL / Oracle / PostgreSQL / Spring / Spring Boot / JSP
53957603,디어유,DBA (경력 5년이상),미지정,5 ~ 10년,MySQL / AWS / NoSql
53956091,아이제라,AI 에이전트 엔지니어 (5년차~),미지정,5 ~ 10년,Keras / Python / PyTorch / TypeScript / AI/인공지능 / FastAPI
53887121,포밸류소프트,[금융권 프로젝트] 중급 개발자 채용,미지정,3 ~ 15년,Java / AI/인공지능
54028283,인젠트,연계솔루션 기술지원 (경력직) 채용,미지정,3 ~ 20년,Java / JavaScript
54025532,이너버스,백엔드 개발자,미지정,5 ~ 10년,Docker / Elasticsearch / Gradle / Java / Linux / Python / scik<span>it</span>-learn / TensorFlow / QA / Golang
53970462,(주)티시스 아이티,네트워크,미지정,5 ~ 15년,Neo4j / VPN
54086458,혁산정보시스템,JAVA 기반 백엔드 개발자,미지정,10 ~ 15년,Apache Tomcat / C# / Java / JavaScript / MSSQL / MySQL / Oracle / React / JSON
54061856,이비즈테크,클라우드 엔지니어 신입 모집,미지정,신입,Azure DevOps / Linux / Windows / AWS / AZURE / OpenStack
54026150,파이오링크,코스닥 CI 개발자 모집,미지정,2 ~ 10년,C / Jenkins / Linux / Python
53990690,포씨게이트,병원 Kiosk 시스템 개발 및 운영,미지정,2 ~ 7년,C# / MSSQL / MySQL / Oracle / Windows / SW
53932779,엔쓰리엔,[DC파트] 인프라 엔지니어 시스템 운영자,미지정,3 ~ 10년,Kubernetes / Linux / Python / vmware / K8S
53984098,브레디스헬스케어,제주센터 운영·<span>IT</span> 매니저,미지정,1 ~ 10년,Google Sheets / Linux / Windows / QA / SQL
54118135,코닉글로리,개발매니저(PM),미지정,3 ~ 10년,Java / JavaScript / React / Spring / JSP / SQL / IPS
53887101,포밸류소프트,[금융권 프로젝트] 분석/설계/개발 개발자 채용,미지정,7 ~ 15년,Java / Python / AI/인공지능
53921199,소크라에이아이,[Socra AI] MLOps Engineer (전문연구요원 가능),미지정,2 ~ 19년,G<span>it</span> / Kubernetes / PyTorch / TensorFlow / Airflow / Databricks
53989346,드림디엔엠,네트워크 인프라 운영 신입 채용,미지정,신입,Network / Infra
53932503,캐치잇플레이,[AI 학습플랫폼] 데이터 엔지니어/Mid-Senior(재택근무 가능),미지정,3 ~ 20년,Apache Flink / Docker / Kubernetes / Python / Terraform / AWS / Spark / SQL / GCP / Airflow
54077587,디어유,정보보호 팀장 (10년 이상),미지정,10 ~ 15년,AWS / ISMS
54073359,이노아이,글로벌 광고 비즈니스 플랫폼 테스트엔지니어,미지정,2 ~ 7년,Android OS / Confluence / iOS / Jira / Postman / Redmine / Slack / REST API / QA
54025520,이너버스,프론트엔드 개발자,미지정,5 ~ 10년,Docker / Elasticsearch / Java / Linux / Python / QA / Golang
54089782,쥬비스다이어트,<span>IT</span> 서비스기획 PM 경력직 채용,미지정,7 ~ 10년,Confluence / Figma / Jira / AI/인공지능 / ERP / SAP / Notion
53866032,디지털포토,클라우드 엔지니어 (6년~8년),미지정,6 ~ 8년,Apache HTTP Server / CentOS / Linux / NGINX / Oracle / Network
53988310,알라딘커뮤니케이션,정보보호팀 팀원,미지정,5 ~ 10년,AWS Cloud Development K<span>it</span> / Azure DevOps / Linux / Python / AWS / GCP / ISMS / CISSP / CISA / Cr<span>it</span>tercism
53921217,위드네트웍스,보안솔루션 엔지니어,미지정,1 ~ 5년,Python / REST API
53981889,로이드케이,AI 소프트웨어 풀스택 개발자,미지정,3 ~ 20년,Kubernetes / AWS / AZURE / NLP
54047914,송암시스콤,SW 개발자 (경력) 채용,미지정,5 ~ 15년,Java / jQuery / Spring Boot / JSP
54076539,네비웍스,Unreal 클라이언트 개발자(경력),미지정,3 ~ 10년,C++ / Docker / JavaScript / Linux / Python / Windows / OpenCV / AWS / GCP / Network
53886282,파이오링크,ADC(L4-L7 스위치) 애플리케이션 개발,미지정,2 ~ 10년,C / C++ / Docker / G<span>it</span> / Linux / Python / React / L4 / L7
53991390,오픈엣지테크놀로지,[DRAM PHY] Analog Engineer,미지정,2 ~ 15년,C / Python / Verilog
54009645,펜타시큐리티,시스템 소프트웨어 개발자 (경력),미지정,3 ~ 10년,G<span>it</span> / Jenkins / Linux / Python / Slack / Shell / Mantis
53932876,(주)티시스 아이티,보안관제(CERT),미지정,9 ~ 17년,Splunk / CISSP / CISA
54046402,건솔루션,로봇개발 및 운영/AI응용 프로그램개발,미지정,2 ~ 10년,AI/인공지능
53932307,캐치잇플레이,[AI 학습플랫폼] ML 엔지니어 (재택근무 가능),미지정,5 ~ 20년,Python / PyTorch / scik<span>it</span>-learn / AWS / DeepLearning / MachineLearning / AI/인공지능 / SQL / GCP / AZURE
53991478,오픈엣지테크놀로지,[DRAM PHY] Layout Engineer,미지정,2 ~ 15년,C
53959708,싸이버로지텍,TA (Technical Arch<span>it</span>ect) - 네트워크 관리/담당자,미지정,3 ~ 20년,Linux / Windows
53921227,위드네트웍스,공공기관 프로젝트 보안 개발자,미지정,5 ~ 10년,Java / Python
53957483,델레오코리아,DevOps 시스템 관리자,미지정,6 ~ 10년,Docker / G<span>it</span> / Grafana / Java / Kubernetes / Prometheus / AWS
53904957,디에스앤지,시스템 엔지니어 경력 채용,미지정,7 ~ 15년,Docker / Docker Compose / Kubernetes / Linux / Ubuntu
53935938,링네트,Cisco 네트워크 필드 엔지니어(경력3~6),미지정,3 ~ 6년,Router / Sw<span>it</span>ch / Cisco / L2 / L3 / L4 / L7 / Network
54076507,네비웍스,윈도우 응용 프로그래머(C++),미지정,3 ~ 6년,C / C# / C++ / Linux / TCP/IP / Mfc / GUI
53886951,위드네트웍스,방화벽 보안 엔지니어 모집(경력),미지정,3 ~ 6년,Network / FortiGate NGFW
53921236,위드네트웍스,정보보호부 네트워크 보안 솔루션 엔지니어,미지정,1 ~ 5년,G<span>it</span> / Jira / Linux / Python
54091930,룰루랩,DevSecOps / 보안 엔지니어 (인프라 보안 및 인증 대응),미지정,3 ~ 10년,Azure DevOps / Linux / Python / AWS / GCP / AZURE
54080395,씨앤유글로벌,백엔드 개발자 (5년 이상),미지정,5 ~ 10년,Java / MariaDB / Oracle / Spring
53948225,어보브반도체,검증팀 엔지니어(경력),미지정,7 ~ 10년,C / C# / C++ / FPGA / MCU
54088632,엘리스그룹,정보보호 엔지니어 경력 채용,미지정,1 ~ 20년,VPN / MachineLearning / AI/인공지능 / ISMS / Network / IPS
54076552,네비웍스,SW 개발자(경력),미지정,3 ~ 10년,.NET / C / C# / C++ / Docker / Java / Linux / MSSQL / Windows / Network
53956096,아이제라,AI 서비스 PM (오산),미지정,3 ~ 10년,Python / AI/인공지능 / SW
54002184,딥오토,[정규직] Engineering Product Manager,미지정,7 ~ 10년,Docker / Hadoop / Kubernetes / Python / PyTorch / TensorFlow / OpenCV / AWS / Spark / SQL
53985142,브레디스헬스케어,디지털헬스 데이터 플랫폼/인프라 운영,미지정,1 ~ 10년,Google Sheets / Linux / PostgreSQL / Python / Windows / REST API / AWS / QA / SQL / Network
54086572,혁산정보시스템,키오스크 프로그램 개발 및 운영,미지정,3 ~ 10년,Oracle / ERP / Delphi
53935961,링네트,Cisco 네트워크 필드 엔지니어(경력10↑),미지정,10 ~ 15년,Router / Sw<span>it</span>ch / Cisco / L2 / L3 / L4 / L7 / Network
53892606,오투플러스,개발PM,미지정,10 ~ 15년,Docker / Java / PHP / React / Redis Cloud
54088624,엘리스그룹,정보보호 담당자 경력 채용,미지정,2 ~ 20년,VPN / MachineLearning / AI/인공지능 / ISMS / Network / IPS
53991482,오픈엣지테크놀로지,[NPU] Application Engineer,미지정,2 ~ 15년,C / C++ / Python / PyTorch / TensorFlow / Verilog
53899844,에치에프알,"[경력] 중계기, RU설계, 개발 채용",미지정,1 ~ 20년,Python
53948041,바능,파이썬 개발자 구인(6~9년),미지정,6 ~ 9년,B<span>it</span>bucket / Django / G<span>it</span> / G<span>it</span>Lab / Kubernetes / PostgreSQL / Python / React / TypeScript / Airflow
54058415,엠투아이코퍼레이션,자율 주행 로봇(AMR) 제어 소프트웨어 개발 경력 채용,미지정,3 ~ 10년,C++ / Linux / Ubuntu / RTOS / ROS / Toolbox / PLC
54109816,나우디앤아이,DX팀 시스템운영 및 보안관리 사원 모집,미지정,3 ~ 10년,HTML5 / Java / JavaScript / MSSQL / PLC / SCADA
53965386,플래티어,G<span>it</span>Lab 솔루션 엔지니어,미지정,3 ~ 20년,G<span>it</span>Hub / G<span>it</span>Lab / Jenkins / Kubernetes / Linux / Windows / K8S
54055831,연합인포맥스,<span>IT</span>/AI부문(전문연구요원포함)경력(4↑),미지정,4 ~ 6년,Azure DevOps / Python / AWS / GCP / AZURE
53991441,오픈엣지테크놀로지,[Memory Controller] RTL Design Engineer,미지정,2 ~ 15년,C / C++ / Python / Verilog
54091510,핀다,Data Engineer,미지정,2 ~ 6년,Confluence / G<span>it</span>Hub / Jira / Kubernetes / Terraform / Airflow / Databricks
54012322,빅웨이브로보틱스,휴머노이드 엔지니어 (석사 이상),미지정,1 ~ 3년,C++ / Python / PyTorch / TensorFlow / Robot Framework
54111931,에너자이,ML Engineer/Researcher,미지정,1 ~ 15년,C / C++ / Keras / Python / PyTorch / TensorFlow / MachineLearning / AI/인공지능
54123213,골든플래닛,데이터 플로우 및 시스템 아키텍처 분석가 채용,미지정,2 ~ 20년,GCP
53932802,엔쓰리엔,[개발본부]클라우드 PM,미지정,7 ~ 17년,Azure DevOps
54090837,한국네트웍스,그룹사 SAP 시스템 운영(HR모듈),미지정,5 ~ 15년,ABAP / SAP
54079215,프라이빗테크놀로지,정보보안 프로젝트 수행 팀원,미지정,5 ~ 20년,Linux / Splunk / Windows
53981897,로이드케이,빅데이터 솔루션 데이터 엔지니어 (경력),미지정,3 ~ 20년,Linux / Python / AWS / GCP / AZURE
53899961,에치에프알,[경력] O-RAN RU 설계/검증 및 시스템 통합 채용,미지정,1 ~ 20년,Python / FPGA
54029741,넥스트칩,SoC Embedded SW 엔지니어,미지정,5 ~ 10년,Android OS / Linux / Embedded / SW / RTOS / Embedded Linux
54092196,피아스페이스,필드 엔지니어 채용,미지정,1 ~ 10년,Kafka / Linux / Python / Redis
53889006,위드네트웍스,NGFW / Network 엔지니어(경력),미지정,3 ~ 6년,AWS / GCP / Network / Ddos / FortiGate NGFW
54080551,락플레이스,데이터 모델링 분야 경력직 채용,미지정,3 ~ 8년,Dw / Dm / Databricks
54112046,에너자이,AI 최적화 Researcher,미지정,1 ~ 15년,Kubernetes / Python / PyTorch / TensorFlow / DeepLearning / MachineLearning / AI/인공지능
54079458,프라이빗테크놀로지,보안 솔루션 기술지원 담당자,미지정,5 ~ 10년,Docker / G<span>it</span> / Kubernetes / Linux / NGINX / Splunk / Windows / AWS / GCP / AZURE
53991372,오픈엣지테크놀로지,[NPU] RISC-V Processor Design Engineer,미지정,2 ~ 15년,C / C++ / Verilog
54134725,포씨게이트,병원용 AI Smart Desk 서비스 백엔드/풀스택 경력개발자 채용,미지정,3 ~ 15년,Docker / JavaScript / MariaDB / Python / Ubuntu / AI/인공지능 / FastAPI
54062809,(주)티시스 아이티,ADS운영,미지정,4 ~ 10년,Splunk / CISSP / IPS
53991399,오픈엣지테크놀로지,[DRAM PHY] Dig<span>it</span>al Engineer,미지정,2 ~ 15년,C / Python / Verilog
54076521,네비웍스,프론트엔드 개발자 경력직,미지정,3 ~ 10년,C / C# / C++ / Linux / TCP/IP / Mfc / GUI
53991414,오픈엣지테크놀로지,[Network-on-Chip]RTL Design Engineer,미지정,2 ~ 15년,C / Python / Verilog
54107373,아이씨티케이홀딩스(ICTK),기술지원(HW),미지정,7 ~ 15년,Embedded
54062498,오프리메드,서비스기획 (대리~과장),미지정,5 ~ 10년,Confluence / Jira
54076606,네비웍스,Software Qual<span>it</span>y Assurance,미지정,6 ~ 10년,G<span>it</span>Hub / QA / HW / SW
54112082,에너자이,Runtime 소프트웨어 엔지니어,미지정,1 ~ 15년,Android OS / C / C++ / iOS / Kotlin / Linux / Python / Swift / MachineLearning / AI/인공지능
53863833,프렌트리,보안 솔루션 컨설팅/기술지원 경력 엔지니어,미지정,5 ~ 20년,Linux / Windows Server
53991365,오픈엣지테크놀로지,[NPU]RTL Design Engineer,미지정,4 ~ 15년,C / Python / Verilog
54047280,이너버스,통합보안관리 엔지니어(경력),미지정,3 ~ 7년,Docker / Elasticsearch / Kafka / Linux / Python / vmware / SW / Shell
54109234,클라우드앤,소프트웨어 PM,미지정,8 ~ 10년,C# / Docker / Java / Jira / Spring / AWS / SQL / SW / DB
54118922,에이치에스소프트,아시아 지역 AI 개발자 채용,미지정,3 ~ 15년,Python / PyTorch / TensorFlow / OpenCV / DeepLearning / MachineLearning / AI/인공지능 / ROS / PLC
54121027,비즈테크아이,SAP SM 모듈 운영 담당자(경력),미지정,3 ~ 7년,.NET / Java / JavaScript / ABAP / ERP / GUI / SAP / Fiori
53991401,오픈엣지테크놀로지,[Network-on-Chip] Software Engineer,미지정,10 ~ 15년,C / C++ / ES6 / JavaScript / Python / EDA
54015874,26도라인,소프트웨어 개발자 경력직 채용,미지정,10 ~ 15년,FW / Embedded / SW
54118211,플래티어,솔루션 엔지니어 (대기업 아틀라시안 운영),미지정,3 ~ 14년,G<span>it</span> / Jenkins / Jira / Python / SonarQube / Sonatype Nexus / GraphQL Nexus
54132403,덴티움,Dental CT HW개발,미지정,3 ~ 7년,C / Orcad / FPGA / Pads
53786374,싸이터,해양 사이버보안 전문가(3년 이상),미지정,3 ~ 10년,ISMS / CISSP / Network
54076574,네비웍스,AI 서비스 백엔드 개발자(경력),미지정,3 ~ 10년,Linux / Python / PyTorch / TensorFlow / DeepLearning / AI/인공지능
54111069,필라넷,백엔드개발자,미지정,5 ~ 10년,Docker / JavaScript / Kubernetes / NestJS / Node.js / React / TypeScript / AWS / GCP / AZURE
53948069,바능,파이썬 개발자 구인(13~15년),미지정,13 ~ 15년,B<span>it</span>bucket / Django / G<span>it</span> / G<span>it</span>Lab / Kubernetes / PostgreSQL / Python / React / TypeScript / Airflow
53991426,오픈엣지테크놀로지,[Verification] IP Verification Engineer,미지정,4 ~ 14년,C / C++ / Perl / Python / Verilog
54000652,올거나이즈코리아,Field Engineer,미지정,3 ~ 20년,Python / AI/인공지능
54074141,플래티어,UI/UX 테스트 자동화 솔루션 엔지니어,미지정,3 ~ 20년,Apache JMeter / Azure DevOps / Java / Postman / Python / Selenium / SAP / Appium / Newman
53989571,오픈엣지테크놀로지,[NPU] Compiler Engineer,미지정,2 ~ 15년,C / Python / PyTorch
53948054,바능,파이썬 개발자 구인(10~12년),미지정,10 ~ 12년,B<span>it</span>bucket / Django / G<span>it</span> / G<span>it</span>Lab / Kubernetes / PostgreSQL / Python / React / TypeScript / Airflow
54112127,에너자이,AI 컴파일러 엔지니어,미지정,1 ~ 15년,C / C++ / Haskell / Python / PyTorch / Scala / TensorFlow / MachineLearning / AI/인공지능 / F#
54132383,덴티움,Medical CBCT HW개발,미지정,8 ~ 15년,Orcad / Pads
54132393,덴티움,Medical CBCT  3D뷰어 SW 개발,미지정,3 ~ 10년,C / C# / C++ / WPF / SW / OpenGL
53886386,파이오링크,애플리케이션/cloud개발(전문연구요원),미지정,1 ~ 7년,AngularJS / C / C++ / Java / JavaScript / jQuery / Linux / Python / REST API / SQL
53935956,링네트,Cisco 네트워크 필드 엔지니어(경력7~9),미지정,7 ~ 9년,Router / Sw<span>it</span>ch / Cisco / L2 / L3 / L4 / L7 / Network
54080410,씨앤유글로벌,HW개발자(5년이상) 채용,미지정,5 ~ 10년,Orcad / HW / Network / Pads / Embedded Linux
54111922,웅진,SAP ERP컨설팅(SI/SM),미지정,5 ~ 20년,ERP / SAP
54111909,웅진,SAP ERP기술컨설팅(SI/SM),미지정,3 ~ 20년,ABAP / ERP / SAP / Fiori
54135225,웅진,클라우드 솔루션 아키텍트 (AWS) 모집,미지정,5 ~ 20년,AWS
54088945,브레인즈컴퍼니,통합로그관리 SW 기술지원 엔지니어,미지정,5 ~ 10년,Docker / Elasticsearch / ExpressJS / JavaScript / Kafka / Kubernetes / Linux / Node.js / Python / Redis
